Date,Order,Exercise,Area,Muscles,Set,Reps,Reps max,Weight,Unit,Per dumbbell,Hold (s),Time (min),Distance,Distance unit,Set note,Exercise note,Logged at
2026-09-21,1,Seated row,Back,Mid back; Lats; Biceps,1,10,12,40,lb,,,,,,,"Felt good, no back pain.",2026-09-21T14:33:00Z
2026-09-21,1,Seated row,Back,Mid back; Lats; Biceps,2,10,12,40,lb,,,,,,,,
2026-09-21,1,Seated row,Back,Mid back; Lats; Biceps,3,10,12,40,lb,,,,,,,,
2026-09-25,1,Treadmill walk,Cardio,Cardio; Calves; Glutes,1,,,,,,,19.8,1.07,mi,,,2026-09-25T16:12:00Z
2026-09-25,2,Suitcase carry,Core,Core; Lower back; Side glutes,1,5,,20,lb,,,,,,each side,"0.11 mi in 3:14 total, both sides.",2026-09-25T16:18:00Z
2026-09-25,3,Dumbbell bench press,Chest,Chest; Triceps; Front shoulders,1,10,,25,lb,yes,,,,,,,2026-09-25T16:25:00Z
2026-09-25,3,Dumbbell bench press,Chest,Chest; Triceps; Front shoulders,2,8,,30,lb,yes,,,,,heavy,,
2026-09-25,4,Plank,Core,Core,1,,,,,,45,,,,,,2026-09-25T16:31:00Z
2026-09-25,4,Plank,Core,Core,2,,,,,,150,,,,,,
